"en";"Andorra";"AD"
"en";"United Arab Emirates";"AE"
"en";"Afghanistan";"AF"
"en";"Antigua and Barbuda";"AG"
"en";"Anguilla";"AI"
"en";"Albania";"AL"
"en";"Armenia";"AM"
"en";"Netherlands Antilles";"AN"
"en";"Angola";"AO"
"en";"Antarctica";"AQ"
"en";"Argentina";"AR"
"en";"American Samoa";"AS"
"en";"Austria";"AT"
"en";"Australia";"AU"
"en";"Aruba";"AW"
"en";"Azerbaijan";"AZ"
"en";"Bosnia and Herzegowina";"BA"
"en";"Barbados";"BB"
"en";"Bangladesh";"BD"
"en";"Belgium";"BE"
"en";"Burkina Faso";"BF"
"en";"Bulgaria";"BG"
"en";"Bahrain";"BH"
"en";"Burundi";"BI"
"en";"Benin";"BJ"
"en";"Bermuda";"BM"
"en";"Brunei Darussalam";"BN"
"en";"Bolivia";"BO"
"en";"Brazil";"BR"
"en";"Bahamas";"BS"
"en";"Bhutan";"BT"
"en";"Bouvet Island";"BV"
"en";"Botswana";"BW"
"en";"Belarus";"BY"
"en";"Belize";"BZ"
"en";"Canada";"CA"
"en";"Cocos (Keeling) Islands";"CC"
"en";"Central African Republic";"CF"
"en";"Congo";"CG"
"en";"Switzerland";"CH"
"en";"Cote D'Ivoire";"CI"
"en";"Cook Islands";"CK"
"en";"Chile";"CL"
"en";"Cameroon";"CM"
"en";"China";"CN"
"en";"Colombia";"CO"
"en";"Costa Rica";"CR"
"en";"Cuba";"CU"
"en";"Cape Verde";"CV"
"en";"Christmas Island";"CX"
"en";"Cyprus";"CY"
"en";"Czech Republic";"CZ"
"en";"Germany";"DE"
"en";"Djibouti";"DJ"
"en";"Denmark";"DK"
"en";"Dominica";"DM"
"en";"Dominican Republic";"DO"
"en";"Algeria";"DZ"
"en";"Ecuador";"EC"
"en";"Estonia";"EE"
"en";"Egypt";"EG"
"en";"Western Sahara";"EH"
"en";"Eritrea";"ER"
"en";"Spain";"ES"
"en";"Ethiopia";"ET"
"en";"Finland";"FI"
"en";"Fiji";"FJ"
"en";"Falkland Islands (Malvinas)";"FK"
"en";"Micronesia, Federated States of";"FM"
"en";"Faroe Islands";"FO"
"en";"France";"FR"
"en";"France, Metropolitan";"FX"
"en";"Gabon";"GA"
"en";"United Kingdom";"GB"
"en";"Grenada";"GD"
"en";"Georgia";"GE"
"en";"French Guiana";"GF"
"en";"Ghana";"GH"
"en";"Gibraltar";"GI"
"en";"Greenland";"GL"
"en";"Gambia";"GM"
"en";"Guinea";"GN"
"en";"Guadeloupe";"GP"
"en";"Equatorial Guinea";"GQ"
"en";"Greece";"GR"
"en";"South Georgia and the South Sandwich Islands";"GS"
"en";"Guatemala";"GT"
"en";"Guam";"GU"
"en";"Guinea-bissau";"GW"
"en";"Guyana";"GY"
"en";"Hong Kong";"HK"
"en";"Heard and Mc Donald Islands";"HM"
"en";"Honduras";"HN"
"en";"Croatia";"HR"
"en";"Haiti";"HT"
"en";"Hungary";"HU"
"en";"Indonesia";"ID"
"en";"Ireland";"IE"
"en";"Israel";"IL"
"en";"India";"IN"
"en";"British Indian Ocean Territory";"IO"
"en";"Iraq";"IQ"
"en";"Iran (Islamic Republic of)";"IR"
"en";"Iceland";"IS"
"en";"Italy";"IT"
"en";"Jamaica";"JM"
"en";"Jordan";"JO"
"en";"Japan";"JP"
"en";"Kenya";"KE"
"en";"Kyrgyzstan";"KG"
"en";"Cambodia";"KH"
"en";"Kiribati";"KI"
"en";"Comoros";"KM"
"en";"Saint Kitts and Nevis";"KN"
"en";"Northkorea";"KP"
"en";"Southkorea";"KR"
"en";"Kuwait";"KW"
"en";"Cayman Islands";"KY"
"en";"Kazakhstan";"KZ"
"en";"Lao People's Democratic Republic";"LA"
"en";"Lebanon";"LB"
"en";"Saint Lucia";"LC"
"en";"Liechtenstein";"LI"
"en";"Sri Lanka";"LK"
"en";"Liberia";"LR"
"en";"Lesotho";"LS"
"en";"Lithuania";"LT"
"en";"Luxembourg";"LU"
"en";"Latvia";"LV"
"en";"Libyan Arab Jamahiriya";"LY"
"en";"Morocco";"MA"
"en";"Monaco";"MC"
"en";"Moldova, Republic of";"MD"
"en";"Madagascar";"MG"
"en";"Marshall Islands";"MH"
"en";"Macedonia, The Former Yugoslav Republic of";"MK"
"en";"Mali";"ML"
"en";"Myanmar";"MM"
"en";"Mongolia";"MN"
"en";"Macau";"MO"
"en";"Northern Mariana Islands";"MP"
"en";"Martinique";"MQ"
"en";"Mauritania";"MR"
"en";"Montserrat";"MS"
"en";"Malta";"MT"
"en";"Mauritius";"MU"
"en";"Maldives";"MV"
"en";"Malawi";"MW"
"en";"Mexico";"MX"
"en";"Malaysia";"MY"
"en";"Mozambique";"MZ"
"en";"Namibia";"NA"
"en";"New Caledonia";"NC"
"en";"Niger";"NE"
"en";"Norfolk Island";"NF"
"en";"Nigeria";"NG"
"en";"Nicaragua";"NI"
"en";"Netherlands";"NL"
"en";"Norway";"NO"
"en";"Nepal";"NP"
"en";"Nauru";"NR"
"en";"Niue";"NU"
"en";"New Zealand";"NZ"
"en";"Oman";"OM"
"en";"Panama";"PA"
"en";"Peru";"PE"
"en";"French Polynesia";"PF"
"en";"Papua New Guinea";"PG"
"en";"Philippines";"PH"
"en";"Pakistan";"PK"
"en";"Poland";"PL"
"en";"St. Pierre and Miquelon";"PM"
"en";"Pitcairn";"PN"
"en";"Puerto Rico";"PR"
"en";"Portugal";"PT"
"en";"Palau";"PW"
"en";"Paraguay";"PY"
"en";"Qatar";"QA"
"en";"Reunion";"RE"
"en";"Romania";"RO"
"en";"Serbia";"RS"
"en";"Russian Federation";"RU"
"en";"Rwanda";"RW"
"en";"Saudi Arabia";"SA"
"en";"Solomon Islands";"SB"
"en";"Seychelles";"SC"
"en";"Sudan";"SD"
"en";"Sweden";"SE"
"en";"Singapore";"SG"
"en";"St. Helena";"SH"
"en";"Slovenia";"SI"
"en";"Svalbard and Jan Mayen Islands";"SJ"
"en";"Slovakia (Slovak Republic)";"SK"
"en";"Sierra Leone";"SL"
"en";"San Marino";"SM"
"en";"Senegal";"SN"
"en";"Somalia";"SO"
"en";"Suriname";"SR"
"en";"Sao Tome and Principe";"ST"
"en";"El Salvador";"SV"
"en";"Syrian Arab Republic";"SY"
"en";"Swaziland";"SZ"
"en";"Turks and Caicos Islands";"TC"
"en";"Chad";"TD"
"en";"French Southern Territories";"TF"
"en";"Togo";"TG"
"en";"Thailand";"TH"
"en";"Tajikistan";"TJ"
"en";"Tokelau";"TK"
"en";"East timor";"TL"
"en";"Turkmenistan";"TM"
"en";"Tunisia";"TN"
"en";"Tonga";"TO"
"en";"East Timor";"TP"
"en";"Turkey";"TR"
"en";"Trinidad and Tobago";"TT"
"en";"Tuvalu";"TV"
"en";"Taiwan";"TW"
"en";"Tanzania, United Republic of";"TZ"
"en";"Ukraine";"UA"
"en";"Uganda";"UG"
"en";"United States Minor Outlying Islands";"UM"
"en";"United States";"US"
"en";"Uruguay";"UY"
"en";"Uzbekistan";"UZ"
"en";"Vatican City State (Holy See)";"VA"
"en";"Saint Vincent and the Grenadines";"VC"
"en";"Venezuela";"VE"
"en";"Virgin Islands (British)";"VG"
"en";"Virgin Islands (U.S.)";"VI"
"en";"Viet Nam";"VN"
"en";"Vanuatu";"VU"
"en";"Wallis and Futuna Islands";"WF"
"en";"Samoa";"WS"
"en";"Yemen";"YE"
"en";"Mayotte";"YT"
"en";"South Africa";"ZA"
"en";"Zambia";"ZM"
"en";"Zaire";"ZR"
"en";"Zimbabwe";"ZW"